               epoch,      train/box_loss,      train/obj_loss,      train/cls_loss,   metrics/precision,      metrics/recall,     metrics/mAP_0.5,metrics/mAP_0.5:0.95,        val/box_loss,        val/obj_loss,        val/cls_loss,               x/lr0,               x/lr1,               x/lr2
                   0,            0.094849,            0.039175,                   0,             0.33118,             0.48026,             0.35654,             0.10804,             0.06519,            0.028344,                   0,             0.00189,             0.00189,             0.08299
                   1,            0.066967,            0.030144,                   0,             0.55218,             0.48026,             0.51489,             0.18204,            0.064142,            0.017831,                   0,           0.0037899,           0.0037899,             0.06589
                   2,            0.062474,             0.02496,                   0,             0.47336,             0.65132,              0.5174,             0.17692,            0.062291,            0.014786,                   0,           0.0056894,           0.0056894,            0.048789
                   3,            0.057419,            0.021472,                   0,             0.52219,             0.61184,             0.57895,             0.25661,            0.056229,            0.014191,                   0,           0.0075883,           0.0075883,            0.031688
                   4,            0.054889,            0.019727,                   0,             0.64492,             0.65721,             0.57589,             0.21872,             0.04879,            0.014234,                   0,           0.0094863,           0.0094863,            0.014586
                   5,            0.049508,            0.020173,                   0,             0.71202,             0.81579,             0.71093,             0.37366,            0.045036,            0.012888,                   0,           0.0099938,           0.0099938,           0.0099938
                   6,            0.044433,            0.016649,                   0,             0.78417,             0.86184,             0.83516,              0.4097,            0.040614,            0.011846,                   0,           0.0099938,           0.0099938,           0.0099938
                   7,            0.041418,            0.017877,                   0,             0.80449,             0.86842,             0.78035,             0.41288,            0.039757,            0.012949,                   0,           0.0099911,           0.0099911,           0.0099911
                   8,            0.036972,            0.020605,                   0,             0.86232,               0.875,             0.91548,             0.50691,            0.035983,            0.012384,                   0,           0.0099879,           0.0099879,           0.0099879
                   9,            0.036976,            0.016902,                   0,             0.90755,             0.90789,             0.91345,             0.54973,            0.028438,            0.011892,                   0,           0.0099842,           0.0099842,           0.0099842
                  10,            0.033497,            0.017004,                   0,             0.87916,             0.86158,             0.91004,             0.59619,            0.031685,            0.012163,                   0,             0.00998,             0.00998,             0.00998
                  11,            0.033479,            0.016664,                   0,              0.8527,             0.91447,             0.93054,             0.58946,            0.032737,            0.012028,                   0,           0.0099753,           0.0099753,           0.0099753
                  12,            0.032597,             0.01636,                   0,             0.89544,             0.84868,             0.90225,             0.58263,            0.030517,            0.012452,                   0,           0.0099702,           0.0099702,           0.0099702
                  13,            0.033079,            0.016297,                   0,              0.8871,             0.88158,              0.9196,              0.5872,             0.02953,            0.011928,                   0,           0.0099645,           0.0099645,           0.0099645
                  14,            0.030275,            0.015426,                   0,             0.89453,             0.89474,               0.912,             0.57962,            0.028788,            0.011943,                   0,           0.0099584,           0.0099584,           0.0099584
                  15,            0.028759,            0.016481,                   0,             0.82645,             0.91447,              0.9025,             0.59983,            0.028608,            0.011629,                   0,           0.0099517,           0.0099517,           0.0099517
                  16,            0.028794,            0.014568,                   0,             0.84238,             0.91415,             0.89904,             0.62952,            0.027014,             0.01229,                   0,           0.0099446,           0.0099446,           0.0099446
                  17,            0.029938,            0.017067,                   0,             0.89041,             0.85525,             0.89523,              0.6094,            0.028995,             0.01207,                   0,            0.009937,            0.009937,            0.009937
                  18,            0.027262,            0.016011,                   0,             0.92394,             0.88158,             0.93583,             0.66196,            0.026198,            0.011372,                   0,           0.0099289,           0.0099289,           0.0099289
                  19,            0.027687,            0.015764,                   0,              0.9699,             0.84868,             0.93763,             0.66316,            0.026212,             0.01183,                   0,           0.0099203,           0.0099203,           0.0099203
                  20,            0.027096,             0.01351,                   0,             0.87942,             0.91447,             0.94385,             0.61159,            0.028109,            0.011767,                   0,           0.0099112,           0.0099112,           0.0099112
                  21,            0.028344,            0.016657,                   0,             0.89125,             0.86842,             0.92945,              0.6621,            0.026509,            0.012435,                   0,           0.0099017,           0.0099017,           0.0099017
                  22,            0.027481,            0.013202,                   0,             0.88731,             0.88158,             0.93045,             0.64184,            0.027952,            0.011787,                   0,           0.0098916,           0.0098916,           0.0098916
                  23,            0.026239,            0.014056,                   0,             0.92143,             0.84864,              0.9322,             0.67528,            0.024487,            0.011546,                   0,           0.0098811,           0.0098811,           0.0098811
                  24,            0.024707,             0.01376,                   0,             0.93196,             0.90117,             0.94689,             0.67775,            0.026025,            0.010644,                   0,           0.0098701,           0.0098701,           0.0098701
                  25,            0.025522,            0.014294,                   0,             0.89372,             0.94053,             0.96832,             0.68559,            0.024277,            0.010123,                   0,           0.0098586,           0.0098586,           0.0098586
                  26,            0.025377,            0.015642,                   0,             0.91145,             0.88158,              0.9427,             0.66976,            0.024858,            0.011095,                   0,           0.0098467,           0.0098467,           0.0098467
                  27,            0.026596,            0.016751,                   0,             0.87579,             0.88135,             0.93492,             0.64867,            0.024633,            0.011176,                   0,           0.0098342,           0.0098342,           0.0098342
                  28,            0.025337,            0.014433,                   0,             0.93005,             0.87474,             0.93395,             0.67573,            0.023643,             0.01102,                   0,           0.0098213,           0.0098213,           0.0098213
                  29,            0.026542,             0.01537,                   0,             0.90405,             0.86842,             0.92962,             0.63248,            0.025619,            0.011835,                   0,           0.0098079,           0.0098079,           0.0098079
                  30,            0.025327,            0.013432,                   0,             0.90588,             0.88816,             0.92803,             0.65785,            0.025469,            0.011402,                   0,           0.0097941,           0.0097941,           0.0097941
                  31,            0.025485,            0.013836,                   0,             0.93661,             0.87483,             0.95384,             0.66515,            0.025738,            0.011226,                   0,           0.0097798,           0.0097798,           0.0097798
                  32,            0.024451,            0.014142,                   0,              0.9189,             0.89447,             0.93772,             0.68459,             0.02499,            0.010786,                   0,            0.009765,            0.009765,            0.009765
                  33,             0.02402,            0.013697,                   0,             0.94315,               0.875,             0.94601,             0.69159,            0.025167,            0.010896,                   0,           0.0097497,           0.0097497,           0.0097497
                  34,            0.023623,            0.012535,                   0,             0.88586,             0.92105,             0.94764,              0.6839,            0.023311,            0.010964,                   0,            0.009734,            0.009734,            0.009734
                  35,            0.022593,            0.012974,                   0,             0.88878,             0.89474,             0.92909,             0.68679,            0.024067,            0.011868,                   0,           0.0097178,           0.0097178,           0.0097178
                  36,            0.023676,            0.012504,                   0,              0.9178,             0.88143,             0.94401,             0.70411,            0.023594,            0.010508,                   0,           0.0097011,           0.0097011,           0.0097011
                  37,            0.023774,            0.012686,                   0,             0.89424,             0.89474,             0.94183,             0.70699,            0.023962,            0.011541,                   0,            0.009684,            0.009684,            0.009684
                  38,            0.022995,            0.013706,                   0,             0.94277,             0.86842,             0.94135,             0.71576,            0.024114,            0.011292,                   0,           0.0096664,           0.0096664,           0.0096664
                  39,            0.022924,            0.013047,                   0,             0.93706,             0.88147,             0.93609,             0.68271,            0.025644,            0.011637,                   0,           0.0096484,           0.0096484,           0.0096484
                  40,            0.024496,            0.013648,                   0,             0.93437,             0.84868,             0.94112,             0.68562,            0.023345,            0.011031,                   0,           0.0096299,           0.0096299,           0.0096299
                  41,            0.023544,            0.014138,                   0,             0.96237,              0.8412,             0.93651,             0.68392,            0.024326,            0.010835,                   0,            0.009611,            0.009611,            0.009611
                  42,            0.022372,            0.012608,                   0,                0.93,             0.88158,             0.93616,             0.68367,            0.023836,             0.01059,                   0,           0.0095916,           0.0095916,           0.0095916
                  43,            0.023711,            0.013448,                   0,             0.97163,             0.90122,             0.96089,             0.70952,             0.02272,            0.010421,                   0,           0.0095717,           0.0095717,           0.0095717
                  44,             0.02318,            0.012578,                   0,             0.94984,               0.875,              0.9447,             0.70148,            0.023844,             0.01079,                   0,           0.0095514,           0.0095514,           0.0095514
                  45,             0.02369,            0.014652,                   0,             0.94536,             0.91447,             0.95281,             0.71517,            0.023058,             0.00991,                   0,           0.0095307,           0.0095307,           0.0095307
                  46,            0.022562,            0.011601,                   0,             0.89341,             0.82895,             0.92153,             0.68458,            0.024198,            0.012211,                   0,           0.0095095,           0.0095095,           0.0095095
                  47,            0.021836,            0.012407,                   0,             0.84993,             0.89421,             0.93548,             0.70425,            0.022951,            0.011724,                   0,           0.0094879,           0.0094879,           0.0094879
                  48,            0.021361,             0.01278,                   0,             0.97689,             0.84211,              0.9458,             0.71214,             0.02341,             0.01171,                   0,           0.0094659,           0.0094659,           0.0094659
                  49,            0.022005,            0.012101,                   0,             0.90492,             0.88158,             0.93268,             0.69117,            0.023553,            0.012284,                   0,           0.0094434,           0.0094434,           0.0094434
                  50,            0.022749,            0.013075,                   0,             0.89041,             0.85524,             0.92719,             0.69128,            0.023911,            0.013205,                   0,           0.0094205,           0.0094205,           0.0094205
                  51,            0.022902,            0.013013,                   0,             0.94915,             0.86184,             0.94601,             0.71439,            0.023029,            0.011266,                   0,           0.0093971,           0.0093971,           0.0093971
                  52,            0.021812,            0.011547,                   0,             0.89319,             0.88158,             0.93652,             0.69365,            0.023211,            0.012046,                   0,           0.0093733,           0.0093733,           0.0093733
                  53,            0.022046,            0.014092,                   0,              0.9635,             0.86836,             0.95651,              0.7044,            0.023111,            0.010274,                   0,           0.0093491,           0.0093491,           0.0093491
                  54,            0.021734,            0.012583,                   0,              0.8931,             0.88816,             0.94418,             0.69794,            0.023523,            0.010933,                   0,           0.0093245,           0.0093245,           0.0093245
                  55,            0.021123,            0.011256,                   0,             0.89464,             0.89474,             0.94577,             0.71135,            0.022901,            0.010871,                   0,           0.0092995,           0.0092995,           0.0092995
                  56,            0.020584,             0.01066,                   0,             0.87523,             0.88158,             0.93035,             0.69573,            0.023382,            0.012408,                   0,            0.009274,            0.009274,            0.009274
                  57,            0.022177,            0.012783,                   0,             0.91608,             0.86183,             0.92325,             0.68815,            0.023268,            0.012616,                   0,           0.0092481,           0.0092481,           0.0092481
                  58,             0.02199,            0.012618,                   0,             0.94281,             0.86842,             0.92687,             0.69771,            0.023667,            0.012008,                   0,           0.0092219,           0.0092219,           0.0092219
                  59,            0.022067,            0.011904,                   0,             0.96124,              0.8157,             0.92439,             0.68303,             0.02362,            0.013183,                   0,           0.0091952,           0.0091952,           0.0091952
                  60,            0.022454,            0.012489,                   0,             0.91944,             0.90103,             0.95915,             0.70892,            0.022716,            0.010468,                   0,           0.0091681,           0.0091681,           0.0091681
                  61,            0.021355,            0.013566,                   0,             0.94394,             0.88816,              0.9396,             0.71878,            0.022908,            0.011083,                   0,           0.0091406,           0.0091406,           0.0091406
                  62,             0.02103,            0.012552,                   0,             0.89387,             0.88816,             0.92185,             0.68921,            0.022529,              0.0118,                   0,           0.0091127,           0.0091127,           0.0091127
                  63,            0.020823,            0.012176,                   0,             0.89995,             0.88816,             0.93306,             0.68723,            0.023704,            0.012469,                   0,           0.0090844,           0.0090844,           0.0090844
                  64,            0.021026,            0.011684,                   0,             0.92303,             0.86784,             0.93195,              0.6847,            0.023251,            0.011489,                   0,           0.0090557,           0.0090557,           0.0090557
                  65,            0.021187,            0.011882,                   0,             0.93015,             0.87606,             0.94086,             0.71052,            0.022233,            0.010975,                   0,           0.0090266,           0.0090266,           0.0090266
                  66,            0.020162,            0.011542,                   0,             0.95714,             0.88153,             0.94072,             0.72075,            0.022026,            0.011734,                   0,           0.0089972,           0.0089972,           0.0089972
                  67,            0.020546,            0.011557,                   0,             0.94999,             0.87489,             0.94227,             0.72619,            0.022148,            0.010958,                   0,           0.0089673,           0.0089673,           0.0089673
                  68,             0.02096,            0.011733,                   0,              0.9222,             0.86842,             0.93752,             0.71199,            0.021673,            0.011661,                   0,           0.0089371,           0.0089371,           0.0089371
                  69,            0.020659,            0.011474,                   0,              0.9489,             0.85521,             0.92765,             0.69959,            0.022604,            0.012769,                   0,           0.0089065,           0.0089065,           0.0089065
                  70,            0.020546,            0.010587,                   0,             0.93617,             0.86841,              0.9433,             0.71261,            0.022134,            0.011641,                   0,           0.0088755,           0.0088755,           0.0088755
                  71,            0.020561,            0.012055,                   0,             0.97661,             0.82895,             0.93642,              0.6941,            0.022671,            0.012587,                   0,           0.0088442,           0.0088442,           0.0088442
                  72,            0.020055,             0.01166,                   0,             0.94813,              0.8418,             0.95025,             0.72168,            0.021842,            0.011849,                   0,           0.0088124,           0.0088124,           0.0088124
                  73,            0.020935,            0.013317,                   0,             0.94652,             0.82237,             0.92017,             0.68821,            0.022955,             0.01351,                   0,           0.0087804,           0.0087804,           0.0087804
                  74,            0.021311,            0.011327,                   0,             0.88367,             0.90132,             0.93058,             0.70645,            0.022568,             0.01183,                   0,           0.0087479,           0.0087479,           0.0087479
                  75,            0.020877,            0.013205,                   0,             0.89827,               0.875,             0.91211,             0.68607,            0.022919,            0.012585,                   0,           0.0087151,           0.0087151,           0.0087151
                  76,            0.020518,            0.011701,                   0,             0.94853,             0.84863,             0.92467,             0.71623,            0.022942,            0.013122,                   0,            0.008682,            0.008682,            0.008682
                  77,            0.020072,            0.011482,                   0,             0.93617,             0.86838,             0.92016,             0.71542,            0.021918,            0.011605,                   0,           0.0086485,           0.0086485,           0.0086485
                  78,            0.020044,            0.011472,                   0,             0.93093,             0.88816,             0.90294,              0.7028,            0.021736,            0.011393,                   0,           0.0086146,           0.0086146,           0.0086146
                  79,            0.019579,            0.012588,                   0,             0.92921,             0.86842,             0.93154,             0.69066,            0.022917,             0.01144,                   0,           0.0085805,           0.0085805,           0.0085805
                  80,            0.019659,             0.01249,                   0,             0.92853,             0.85526,             0.93462,             0.71478,            0.022878,            0.010886,                   0,           0.0085459,           0.0085459,           0.0085459
                  81,             0.02021,            0.012413,                   0,             0.92662,             0.91447,             0.94779,             0.72324,            0.022561,            0.010089,                   0,           0.0085111,           0.0085111,           0.0085111
                  82,            0.020514,            0.011514,                   0,             0.93517,             0.85526,             0.94108,             0.72714,            0.022138,            0.010974,                   0,           0.0084759,           0.0084759,           0.0084759
                  83,            0.020129,             0.01121,                   0,             0.92826,             0.85526,             0.92617,             0.70382,            0.022307,            0.012082,                   0,           0.0084404,           0.0084404,           0.0084404
                  84,            0.020104,            0.012273,                   0,              0.9006,             0.89474,             0.93022,             0.72648,            0.021048,            0.011158,                   0,           0.0084046,           0.0084046,           0.0084046
                  85,            0.018959,            0.010871,                   0,             0.94925,             0.86139,             0.92883,             0.71659,            0.021238,            0.012343,                   0,           0.0083684,           0.0083684,           0.0083684
                  86,            0.019432,            0.011826,                   0,             0.93287,             0.91422,             0.93156,             0.70801,            0.021629,             0.01229,                   0,           0.0083319,           0.0083319,           0.0083319
                  87,            0.020532,            0.011756,                   0,             0.90849,             0.91437,              0.9343,             0.70726,            0.020986,            0.010457,                   0,           0.0082952,           0.0082952,           0.0082952
                  88,            0.018871,            0.010823,                   0,             0.94928,             0.86184,              0.9397,             0.72872,            0.021521,            0.011331,                   0,           0.0082581,           0.0082581,           0.0082581
                  89,            0.020002,            0.012206,                   0,             0.96323,             0.86178,             0.94433,             0.72259,            0.021551,            0.011402,                   0,           0.0082207,           0.0082207,           0.0082207
                  90,            0.019653,            0.011399,                   0,             0.92947,             0.86842,             0.93576,             0.71473,            0.021506,            0.011432,                   0,            0.008183,            0.008183,            0.008183
                  91,            0.018904,            0.011183,                   0,             0.90062,             0.89474,             0.92781,              0.7192,            0.021097,            0.011472,                   0,            0.008145,            0.008145,            0.008145
                  92,            0.019976,            0.011868,                   0,             0.93002,             0.87439,             0.93395,             0.72143,            0.021136,            0.010656,                   0,           0.0081068,           0.0081068,           0.0081068
                  93,            0.019572,             0.01129,                   0,             0.94245,             0.86184,             0.93452,             0.71071,            0.021367,            0.011398,                   0,           0.0080682,           0.0080682,           0.0080682
                  94,            0.018999,            0.010702,                   0,             0.96266,             0.84807,              0.9431,             0.72538,            0.021883,            0.012034,                   0,           0.0080294,           0.0080294,           0.0080294
                  95,             0.01926,            0.010129,                   0,             0.93602,             0.86842,             0.93563,             0.72569,            0.021846,            0.011394,                   0,           0.0079903,           0.0079903,           0.0079903
                  96,            0.019794,             0.01221,                   0,             0.92516,             0.89465,             0.94704,             0.73875,            0.022123,            0.010666,                   0,           0.0079509,           0.0079509,           0.0079509
                  97,            0.019096,            0.011106,                   0,             0.91778,             0.88158,             0.94074,             0.71236,            0.022377,            0.010763,                   0,           0.0079112,           0.0079112,           0.0079112
                  98,            0.019057,             0.01026,                   0,             0.93149,             0.89448,             0.94506,             0.72744,             0.02191,            0.010944,                   0,           0.0078713,           0.0078713,           0.0078713
                  99,            0.018822,              0.0119,                   0,             0.94912,             0.86184,             0.94905,             0.71973,            0.022002,            0.011167,                   0,           0.0078311,           0.0078311,           0.0078311
                 100,            0.019083,            0.010626,                   0,             0.92307,             0.86839,             0.93346,             0.71807,            0.022098,            0.011948,                   0,           0.0077907,           0.0077907,           0.0077907
                 101,            0.019186,            0.010495,                   0,             0.90465,               0.875,             0.93974,             0.72344,            0.021459,            0.011913,                   0,             0.00775,             0.00775,             0.00775
                 102,            0.018784,            0.010761,                   0,              0.9178,             0.88158,             0.95277,             0.72043,            0.021525,            0.011149,                   0,           0.0077091,           0.0077091,           0.0077091
                 103,            0.018758,            0.010699,                   0,             0.93769,             0.90789,             0.96187,              0.7456,            0.020906,            0.010547,                   0,           0.0076679,           0.0076679,           0.0076679
                 104,            0.018628,           0.0097934,                   0,             0.93197,             0.90124,             0.94054,             0.71337,            0.021394,            0.011515,                   0,           0.0076265,           0.0076265,           0.0076265
                 105,            0.018226,           0.0098353,                   0,             0.93001,               0.875,             0.94369,              0.7247,            0.021898,            0.012115,                   0,           0.0075848,           0.0075848,           0.0075848
                 106,            0.019225,            0.011606,                   0,             0.91892,              0.8947,              0.9502,             0.72111,            0.021706,            0.011527,                   0,            0.007543,            0.007543,            0.007543
                 107,            0.019289,            0.011668,                   0,             0.87754,             0.84862,             0.94113,             0.69881,            0.021561,            0.012668,                   0,           0.0075009,           0.0075009,           0.0075009
                 108,             0.01852,            0.012392,                   0,             0.87171,             0.89474,             0.95184,             0.72567,            0.021062,            0.011243,                   0,           0.0074585,           0.0074585,           0.0074585
                 109,            0.019246,            0.010957,                   0,             0.95454,              0.8288,             0.94893,              0.7145,             0.02169,            0.011943,                   0,            0.007416,            0.007416,            0.007416
                 110,            0.017975,            0.010732,                   0,             0.91446,             0.91434,             0.94882,             0.72918,            0.021358,             0.01019,                   0,           0.0073733,           0.0073733,           0.0073733
                 111,            0.017939,            0.010185,                   0,             0.95574,             0.86184,             0.95344,             0.72331,            0.022013,            0.010809,                   0,           0.0073303,           0.0073303,           0.0073303
                 112,            0.018198,            0.010513,                   0,             0.92406,             0.88158,              0.9531,             0.73347,            0.021711,             0.01169,                   0,           0.0072872,           0.0072872,           0.0072872
                 113,            0.018898,            0.011481,                   0,             0.93004,               0.875,             0.94724,             0.71004,            0.022731,            0.011475,                   0,           0.0072438,           0.0072438,           0.0072438
                 114,            0.018362,            0.011209,                   0,             0.90599,             0.88816,             0.94657,              0.7117,             0.02268,            0.010494,                   0,           0.0072003,           0.0072003,           0.0072003
                 115,            0.017879,            0.010085,                   0,             0.87555,             0.92763,             0.94937,             0.72479,            0.022626,            0.011055,                   0,           0.0071566,           0.0071566,           0.0071566
                 116,             0.01866,            0.010697,                   0,             0.90972,             0.86182,             0.93501,             0.72765,            0.022086,            0.011804,                   0,           0.0071127,           0.0071127,           0.0071127
                 117,            0.018746,             0.01008,                   0,             0.94159,             0.84868,             0.93379,             0.71345,            0.022651,            0.012104,                   0,           0.0070686,           0.0070686,           0.0070686
                 118,            0.018521,           0.0099656,                   0,             0.94038,             0.85526,             0.95164,             0.73255,            0.022209,            0.010912,                   0,           0.0070243,           0.0070243,           0.0070243
                 119,             0.01814,            0.010808,                   0,             0.85978,             0.88816,             0.93297,             0.70888,            0.021933,            0.011976,                   0,           0.0069799,           0.0069799,           0.0069799
                 120,            0.018363,            0.011393,                   0,             0.96892,             0.82237,             0.94334,             0.71935,            0.022204,            0.011808,                   0,           0.0069353,           0.0069353,           0.0069353
                 121,            0.018159,           0.0095038,                   0,             0.94775,             0.83553,              0.9427,             0.71963,            0.022227,            0.012064,                   0,           0.0068906,           0.0068906,           0.0068906
                 122,            0.018145,            0.011299,                   0,             0.92977,               0.875,             0.95465,             0.72518,             0.02211,            0.011229,                   0,           0.0068457,           0.0068457,           0.0068457
                 123,            0.018563,            0.011498,                   0,             0.83136,             0.94055,             0.93793,             0.72427,            0.021373,            0.011915,                   0,           0.0068006,           0.0068006,           0.0068006
                 124,            0.018185,            0.011226,                   0,              0.8789,             0.91447,             0.94304,             0.72236,            0.021543,            0.010687,                   0,           0.0067555,           0.0067555,           0.0067555
                 125,             0.01787,           0.0098685,                   0,             0.95566,             0.85526,             0.95641,             0.73934,            0.021182,            0.010786,                   0,           0.0067101,           0.0067101,           0.0067101
                 126,            0.017545,            0.011547,                   0,             0.94405,             0.88812,             0.95894,             0.73494,            0.021525,           0.0099793,                   0,           0.0066647,           0.0066647,           0.0066647
                 127,            0.017728,            0.011299,                   0,             0.94477,             0.90132,             0.95534,             0.73281,            0.021434,            0.010797,                   0,           0.0066191,           0.0066191,           0.0066191
                 128,            0.017525,            0.010812,                   0,             0.90531,             0.88158,             0.93818,             0.72475,             0.02165,            0.012066,                   0,           0.0065734,           0.0065734,           0.0065734
                 129,            0.017079,            0.010155,                   0,             0.93006,             0.87489,             0.95688,             0.74516,            0.021599,            0.010543,                   0,           0.0065276,           0.0065276,           0.0065276
                 130,            0.017409,            0.011711,                   0,             0.93662,             0.87497,              0.9458,             0.72969,            0.022318,            0.010904,                   0,           0.0064816,           0.0064816,           0.0064816
                 131,            0.017827,            0.011078,                   0,             0.93617,              0.8684,             0.95074,             0.72638,             0.02238,            0.011725,                   0,           0.0064356,           0.0064356,           0.0064356
                 132,            0.017576,           0.0094454,                   0,             0.88955,             0.90132,             0.93618,              0.7049,              0.0225,            0.011602,                   0,           0.0063895,           0.0063895,           0.0063895
                 133,            0.017131,           0.0083416,                   0,             0.85364,             0.92092,             0.94556,             0.73338,            0.021927,            0.012378,                   0,           0.0063432,           0.0063432,           0.0063432
                 134,            0.017314,            0.011339,                   0,             0.91666,             0.86833,             0.90468,             0.68539,            0.021656,            0.010898,                   0,           0.0062969,           0.0062969,           0.0062969
                 135,            0.017572,            0.011333,                   0,             0.84989,             0.89474,             0.90255,             0.67418,             0.02274,            0.012462,                   0,           0.0062505,           0.0062505,           0.0062505
                 136,             0.01774,            0.011413,                   0,             0.84903,             0.88816,             0.93417,             0.70574,            0.022587,             0.01243,                   0,            0.006204,            0.006204,            0.006204
                 137,            0.017425,            0.010487,                   0,             0.95466,             0.84211,              0.9516,             0.72379,            0.022082,            0.010695,                   0,           0.0061574,           0.0061574,           0.0061574
                 138,            0.018183,            0.010679,                   0,             0.94345,             0.88158,             0.95249,             0.72542,            0.022293,            0.010385,                   0,           0.0061107,           0.0061107,           0.0061107
                 139,            0.016633,            0.010748,                   0,             0.87399,             0.91447,             0.93749,             0.71448,            0.021413,            0.011336,                   0,            0.006064,            0.006064,            0.006064
                 140,            0.016912,           0.0094107,                   0,             0.94909,             0.86184,             0.94301,             0.72302,            0.022226,            0.011042,                   0,           0.0060172,           0.0060172,           0.0060172
                 141,            0.017201,             0.01028,                   0,             0.90101,             0.90132,             0.95543,             0.74102,            0.021182,            0.010041,                   0,           0.0059704,           0.0059704,           0.0059704
                 142,            0.016854,            0.011003,                   0,             0.94383,             0.88816,               0.961,              0.7261,            0.020979,            0.010482,                   0,           0.0059235,           0.0059235,           0.0059235
                 143,            0.016903,           0.0090493,                   0,             0.97058,             0.86827,             0.96024,             0.73102,            0.021431,            0.011401,                   0,           0.0058766,           0.0058766,           0.0058766
                 144,            0.017102,           0.0094458,                   0,             0.97001,             0.85526,             0.95475,             0.74072,            0.021224,            0.011253,                   0,           0.0058296,           0.0058296,           0.0058296
                 145,            0.016803,           0.0096171,                   0,             0.94235,             0.86184,              0.9397,             0.73162,            0.021389,            0.011709,                   0,           0.0057826,           0.0057826,           0.0057826
                 146,            0.016139,            0.008992,                   0,             0.96232,             0.84211,              0.9412,             0.73065,            0.021119,            0.012386,                   0,           0.0057355,           0.0057355,           0.0057355
                 147,            0.016978,            0.010473,                   0,             0.96311,             0.86184,             0.94611,             0.74628,            0.020872,            0.011145,                   0,           0.0056884,           0.0056884,           0.0056884
                 148,            0.016998,            0.010656,                   0,             0.94986,               0.875,             0.93866,              0.7277,            0.021715,            0.011489,                   0,           0.0056413,           0.0056413,           0.0056413
                 149,            0.016808,           0.0094514,                   0,             0.93698,             0.88158,             0.94357,             0.74953,            0.020899,            0.010877,                   0,           0.0055942,           0.0055942,           0.0055942
                 150,            0.017155,            0.010024,                   0,             0.93052,             0.88158,             0.93504,              0.7208,            0.022003,            0.011209,                   0,           0.0055471,           0.0055471,           0.0055471
                 151,            0.016411,           0.0099684,                   0,             0.88808,             0.88816,             0.93915,             0.72805,            0.021906,            0.011838,                   0,              0.0055,              0.0055,              0.0055
                 152,            0.016853,            0.010574,                   0,             0.94244,             0.86184,             0.94542,             0.73108,            0.022005,            0.012028,                   0,           0.0054529,           0.0054529,           0.0054529
                 153,            0.016623,           0.0093399,                   0,             0.94244,             0.86181,             0.93716,             0.72796,            0.021278,            0.011919,                   0,           0.0054058,           0.0054058,           0.0054058
                 154,            0.016472,            0.010591,                   0,             0.93661,             0.87491,              0.9276,             0.71716,            0.021686,            0.012365,                   0,           0.0053587,           0.0053587,           0.0053587
                 155,            0.016003,           0.0096108,                   0,             0.94926,             0.86184,             0.93916,             0.72711,            0.021733,            0.012132,                   0,           0.0053116,           0.0053116,           0.0053116
                 156,            0.016028,           0.0098178,                   0,             0.94922,             0.86184,             0.93415,             0.72846,            0.021561,            0.011799,                   0,           0.0052645,           0.0052645,           0.0052645
                 157,            0.015718,           0.0081236,                   0,             0.93452,             0.84868,             0.92977,             0.72632,            0.021961,            0.012007,                   0,           0.0052174,           0.0052174,           0.0052174
                 158,             0.01599,           0.0098967,                   0,             0.94849,             0.84868,             0.93391,             0.72365,            0.022116,            0.012296,                   0,           0.0051704,           0.0051704,           0.0051704
                 159,            0.016815,           0.0097395,                   0,             0.94317,               0.875,             0.93773,             0.73364,            0.021397,            0.012073,                   0,           0.0051234,           0.0051234,           0.0051234
                 160,            0.016132,            0.010004,                   0,             0.94927,             0.86171,             0.93133,             0.71937,            0.022349,            0.012562,                   0,           0.0050765,           0.0050765,           0.0050765
                 161,            0.016212,           0.0092062,                   0,             0.95683,             0.87497,             0.93939,             0.72885,            0.022559,            0.012336,                   0,           0.0050296,           0.0050296,           0.0050296
                 162,            0.015907,           0.0092337,                   0,             0.96364,               0.875,             0.94059,             0.73279,            0.021965,            0.011933,                   0,           0.0049828,           0.0049828,           0.0049828
                 163,            0.016166,           0.0095596,                   0,             0.94889,             0.85508,             0.93642,             0.72946,            0.022843,            0.012141,                   0,            0.004936,            0.004936,            0.004936
                 164,            0.016218,           0.0097428,                   0,              0.9565,             0.86803,             0.94362,             0.74001,            0.021331,            0.011758,                   0,           0.0048893,           0.0048893,           0.0048893
                 165,            0.016326,           0.0094845,                   0,             0.92361,             0.87497,             0.93766,             0.72705,            0.021479,            0.013088,                   0,           0.0048426,           0.0048426,           0.0048426
                 166,            0.015597,           0.0089574,                   0,             0.93617,             0.86837,             0.93489,             0.73698,            0.021351,            0.012721,                   0,            0.004796,            0.004796,            0.004796
                 167,            0.015674,           0.0099532,                   0,             0.93007,             0.87494,             0.93365,             0.72057,            0.022214,            0.012151,                   0,           0.0047495,           0.0047495,           0.0047495
                 168,            0.015491,           0.0095107,                   0,             0.93055,             0.88157,             0.93364,             0.72085,            0.022633,            0.012348,                   0,           0.0047031,           0.0047031,           0.0047031
                 169,            0.015382,           0.0098341,                   0,             0.97024,             0.86184,             0.93744,             0.73285,            0.022588,             0.01173,                   0,           0.0046568,           0.0046568,           0.0046568
                 170,            0.015429,           0.0094346,                   0,             0.94405,             0.88813,             0.93499,             0.73086,            0.023137,            0.011799,                   0,           0.0046105,           0.0046105,           0.0046105
                 171,            0.015136,           0.0093484,                   0,             0.92516,             0.89466,             0.93219,             0.72678,            0.023007,            0.011469,                   0,           0.0045644,           0.0045644,           0.0045644
                 172,            0.015147,           0.0094768,                   0,             0.88461,             0.90783,             0.92462,             0.72077,            0.022441,            0.011816,                   0,           0.0045184,           0.0045184,           0.0045184
                 173,            0.015588,           0.0090079,                   0,             0.94994,               0.875,             0.94142,              0.7227,            0.022461,            0.011853,                   0,           0.0044724,           0.0044724,           0.0044724
                 174,             0.01495,           0.0090709,                   0,             0.91891,             0.89462,             0.94095,             0.72969,            0.022645,             0.01169,                   0,           0.0044266,           0.0044266,           0.0044266
                 175,              0.0157,            0.011135,                   0,             0.91777,             0.88158,             0.93026,             0.72501,            0.022757,            0.012402,                   0,           0.0043809,           0.0043809,           0.0043809
                 176,            0.015445,           0.0087935,                   0,             0.90065,             0.89463,              0.9338,             0.71203,            0.022926,             0.01207,                   0,           0.0043353,           0.0043353,           0.0043353
                 177,            0.015005,           0.0089514,                   0,             0.95605,             0.86184,             0.93393,             0.72541,            0.022705,            0.011501,                   0,           0.0042899,           0.0042899,           0.0042899
                 178,            0.014957,           0.0092736,                   0,             0.93564,             0.86184,             0.93779,             0.72905,            0.022107,            0.012088,                   0,           0.0042445,           0.0042445,           0.0042445
                 179,            0.015118,           0.0087004,                   0,              0.9489,             0.85519,             0.93054,             0.72835,             0.02214,            0.012191,                   0,           0.0041994,           0.0041994,           0.0041994
                 180,            0.014937,           0.0089295,                   0,             0.92291,             0.86842,             0.92308,             0.71288,             0.02231,            0.012809,                   0,           0.0041543,           0.0041543,           0.0041543
                 181,            0.015391,           0.0085868,                   0,             0.93478,             0.84865,             0.91345,             0.70546,            0.022932,            0.013641,                   0,           0.0041094,           0.0041094,           0.0041094
                 182,            0.015092,           0.0097084,                   0,             0.89332,             0.88149,                0.92,             0.70548,            0.022952,            0.013602,                   0,           0.0040647,           0.0040647,           0.0040647
                 183,            0.014775,           0.0084119,                   0,             0.93524,             0.85507,             0.92422,             0.71049,            0.023115,            0.013202,                   0,           0.0040201,           0.0040201,           0.0040201
                 184,            0.015177,           0.0089772,                   0,             0.91136,             0.88158,             0.92862,             0.71941,            0.022765,            0.012655,                   0,           0.0039757,           0.0039757,           0.0039757
                 185,            0.014843,            0.008632,                   0,             0.92304,             0.86842,             0.92049,             0.70964,             0.02298,             0.01252,                   0,           0.0039314,           0.0039314,           0.0039314
                 186,            0.015335,           0.0093418,                   0,             0.90521,             0.88158,             0.91086,             0.70101,            0.023534,            0.013144,                   0,           0.0038873,           0.0038873,           0.0038873
                 187,            0.015302,           0.0079738,                   0,             0.93689,             0.88158,             0.92418,              0.7104,            0.023021,            0.012553,                   0,           0.0038434,           0.0038434,           0.0038434
                 188,             0.01478,           0.0088517,                   0,             0.92414,             0.88157,             0.93082,             0.73403,            0.022786,            0.012865,                   0,           0.0037997,           0.0037997,           0.0037997
                 189,            0.015237,           0.0088787,                   0,             0.93055,             0.88158,             0.92569,             0.72518,            0.022165,             0.01187,                   0,           0.0037562,           0.0037562,           0.0037562
                 190,            0.014773,           0.0090366,                   0,                0.95,             0.87494,             0.94966,             0.74038,             0.02185,            0.010958,                   0,           0.0037128,           0.0037128,           0.0037128
                 191,            0.014996,           0.0090649,                   0,             0.91095,             0.87492,             0.94447,             0.73599,            0.022202,            0.011808,                   0,           0.0036697,           0.0036697,           0.0036697
                 192,            0.014791,           0.0088082,                   0,             0.90194,             0.90769,             0.94029,             0.72738,            0.022378,            0.012397,                   0,           0.0036267,           0.0036267,           0.0036267
                 193,            0.014562,            0.008266,                   0,             0.88446,             0.90789,             0.94686,             0.74148,            0.021891,            0.012114,                   0,            0.003584,            0.003584,            0.003584
                 194,            0.014464,           0.0082231,                   0,             0.91835,             0.88816,             0.94955,             0.73798,            0.021846,            0.011456,                   0,           0.0035415,           0.0035415,           0.0035415
                 195,            0.014363,            0.009666,                   0,             0.92567,             0.90128,             0.94961,             0.73914,            0.021591,            0.011688,                   0,           0.0034991,           0.0034991,           0.0034991
                 196,            0.014463,           0.0088421,                   0,             0.89996,             0.88816,             0.94056,              0.7356,            0.021589,            0.011243,                   0,            0.003457,            0.003457,            0.003457
                 197,            0.014254,           0.0085271,                   0,             0.86953,             0.92105,             0.94491,             0.73651,            0.021721,            0.011755,                   0,           0.0034152,           0.0034152,           0.0034152
                 198,            0.014693,           0.0091758,                   0,              0.9374,             0.88816,             0.94377,             0.72846,             0.02234,            0.012068,                   0,           0.0033735,           0.0033735,           0.0033735
                 199,            0.014994,           0.0088508,                   0,             0.89676,             0.91437,             0.94943,             0.74217,            0.021478,            0.011135,                   0,           0.0033321,           0.0033321,           0.0033321
                 200,             0.01434,           0.0090218,                   0,             0.96323,             0.86184,             0.94308,             0.72481,            0.021741,            0.011664,                   0,           0.0032909,           0.0032909,           0.0032909
                 201,            0.013853,           0.0091163,                   0,             0.93476,             0.84868,             0.92074,             0.71787,            0.022563,            0.012861,                   0,             0.00325,             0.00325,             0.00325
                 202,            0.014137,           0.0079253,                   0,             0.88742,             0.88157,              0.9164,             0.70943,            0.022611,            0.012518,                   0,           0.0032093,           0.0032093,           0.0032093
                 203,            0.014494,           0.0096438,                   0,             0.91774,             0.88158,             0.91271,             0.70968,            0.022675,            0.012394,                   0,           0.0031689,           0.0031689,           0.0031689
                 204,            0.014545,           0.0085333,                   0,             0.92735,             0.86842,             0.92588,             0.72497,            0.022947,            0.012741,                   0,           0.0031287,           0.0031287,           0.0031287
                 205,            0.014274,           0.0086031,                   0,             0.94239,             0.86184,             0.93458,             0.72576,            0.022844,            0.012098,                   0,           0.0030888,           0.0030888,           0.0030888
                 206,            0.014874,           0.0084306,                   0,             0.91717,               0.875,             0.93301,             0.72506,            0.022397,            0.012848,                   0,           0.0030491,           0.0030491,           0.0030491
                 207,            0.014662,           0.0095248,                   0,             0.94839,             0.84868,             0.93226,              0.7327,            0.021956,            0.012608,                   0,           0.0030097,           0.0030097,           0.0030097
                 208,            0.014752,           0.0092764,                   0,             0.94914,             0.86184,             0.94278,             0.73514,            0.021809,            0.012297,                   0,           0.0029706,           0.0029706,           0.0029706
                 209,            0.013298,            0.008456,                   0,             0.91156,             0.88158,             0.93226,             0.72843,            0.021284,            0.012848,                   0,           0.0029318,           0.0029318,           0.0029318
                 210,            0.013977,           0.0086763,                   0,             0.93552,             0.86842,              0.9405,             0.73503,            0.021232,            0.012562,                   0,           0.0028932,           0.0028932,           0.0028932
                 211,            0.014005,            0.008941,                   0,              0.9489,             0.85517,             0.94941,             0.73199,            0.021005,            0.011838,                   0,            0.002855,            0.002855,            0.002855
                 212,            0.014188,           0.0092431,                   0,             0.92895,             0.86184,             0.93717,             0.72496,            0.021159,            0.012305,                   0,            0.002817,            0.002817,            0.002817
                 213,            0.014418,           0.0089881,                   0,             0.93639,               0.875,              0.9274,             0.72419,            0.021451,             0.01242,                   0,           0.0027793,           0.0027793,           0.0027793
                 214,             0.01374,           0.0081733,                   0,             0.92397,             0.88158,             0.92852,             0.71913,            0.021526,            0.012854,                   0,           0.0027419,           0.0027419,           0.0027419
                 215,             0.01367,           0.0082926,                   0,             0.93616,             0.86824,             0.93064,             0.71566,            0.021639,            0.012095,                   0,           0.0027048,           0.0027048,           0.0027048
                 216,            0.013578,           0.0086815,                   0,             0.92457,             0.88816,             0.92793,             0.72799,            0.021509,            0.011903,                   0,           0.0026681,           0.0026681,           0.0026681
                 217,             0.01344,           0.0087274,                   0,             0.93003,             0.87449,              0.9282,             0.72197,            0.021743,            0.012409,                   0,           0.0026316,           0.0026316,           0.0026316
                 218,            0.013689,            0.007698,                   0,             0.94794,             0.84211,             0.93864,             0.72719,            0.022456,            0.012621,                   0,           0.0025954,           0.0025954,           0.0025954
                 219,            0.013906,           0.0085629,                   0,             0.94115,             0.84211,             0.93953,             0.72281,            0.022532,            0.012578,                   0,           0.0025596,           0.0025596,           0.0025596
                 220,            0.013724,           0.0086919,                   0,             0.93469,             0.84868,             0.94023,             0.72647,            0.022172,            0.012306,                   0,           0.0025241,           0.0025241,           0.0025241
                 221,            0.014239,           0.0095383,                   0,             0.85973,             0.92745,              0.9293,              0.7258,            0.022249,            0.012201,                   0,           0.0024889,           0.0024889,           0.0024889
                 222,            0.013433,           0.0082587,                   0,             0.89512,             0.90132,             0.92445,             0.72021,            0.022418,            0.013434,                   0,           0.0024541,           0.0024541,           0.0024541
                 223,             0.01392,           0.0097465,                   0,             0.89808,             0.92755,              0.9208,             0.71929,            0.021874,            0.011988,                   0,           0.0024195,           0.0024195,           0.0024195
                 224,            0.013241,           0.0078302,                   0,             0.89401,             0.88792,             0.91925,             0.71442,            0.022262,             0.01295,                   0,           0.0023854,           0.0023854,           0.0023854
                 225,            0.013733,           0.0087511,                   0,             0.93525,             0.85522,             0.92087,             0.71532,            0.022522,            0.013475,                   0,           0.0023515,           0.0023515,           0.0023515
                 226,            0.013267,           0.0084037,                   0,             0.92907,             0.86184,             0.92867,             0.72665,            0.022284,            0.013169,                   0,            0.002318,            0.002318,            0.002318
                 227,             0.01343,           0.0093483,                   0,             0.91892,             0.89469,              0.9322,             0.72632,             0.02195,            0.013056,                   0,           0.0022849,           0.0022849,           0.0022849
                 228,            0.013431,           0.0091926,                   0,              0.9565,             0.86842,             0.93773,             0.72675,            0.021911,            0.012216,                   0,           0.0022521,           0.0022521,           0.0022521
                 229,            0.013681,           0.0085273,                   0,             0.95652,             0.86837,             0.93282,             0.73077,            0.021884,            0.012557,                   0,           0.0022196,           0.0022196,           0.0022196
                 230,            0.013093,           0.0077842,                   0,             0.93617,             0.86841,             0.93223,             0.72083,            0.021689,            0.012827,                   0,           0.0021876,           0.0021876,           0.0021876
                 231,            0.013252,           0.0085981,                   0,             0.94326,             0.87498,             0.93556,             0.73111,            0.021773,            0.012906,                   0,           0.0021558,           0.0021558,           0.0021558
                 232,            0.013526,           0.0080973,                   0,             0.93616,             0.86829,             0.93504,             0.72383,            0.022044,             0.01315,                   0,           0.0021245,           0.0021245,           0.0021245
                 233,            0.013117,            0.008028,                   0,             0.92957,             0.86835,             0.93188,             0.71993,            0.022056,            0.013287,                   0,           0.0020935,           0.0020935,           0.0020935
                 234,            0.013528,           0.0083569,                   0,             0.97013,             0.85483,             0.93646,              0.7324,            0.022043,            0.012553,                   0,           0.0020629,           0.0020629,           0.0020629
                 235,            0.013184,           0.0084157,                   0,             0.94274,             0.86842,             0.93025,              0.7236,            0.022116,             0.01305,                   0,           0.0020327,           0.0020327,           0.0020327
                 236,            0.013418,           0.0084911,                   0,             0.92946,               0.875,              0.9284,             0.71716,            0.022352,            0.013598,                   0,           0.0020028,           0.0020028,           0.0020028
                 237,            0.013336,           0.0083893,                   0,             0.92961,               0.875,             0.93108,             0.72682,            0.022426,            0.013552,                   0,           0.0019734,           0.0019734,           0.0019734
                 238,            0.013271,           0.0093827,                   0,             0.93616,             0.86842,             0.92883,             0.71948,            0.022258,             0.01382,                   0,           0.0019443,           0.0019443,           0.0019443
                 239,            0.013299,           0.0082159,                   0,             0.93705,             0.88137,             0.92636,             0.72498,            0.022264,            0.013528,                   0,           0.0019156,           0.0019156,           0.0019156
                 240,            0.013072,           0.0090842,                   0,             0.91212,             0.88771,             0.91759,             0.71604,            0.022295,             0.01384,                   0,           0.0018873,           0.0018873,           0.0018873
                 241,             0.01374,           0.0094599,                   0,             0.92413,             0.88151,             0.92517,             0.72376,            0.022666,            0.014184,                   0,           0.0018594,           0.0018594,           0.0018594
                 242,            0.012915,            0.008693,                   0,              0.9178,             0.88146,             0.92438,             0.72031,            0.022544,            0.013684,                   0,           0.0018319,           0.0018319,           0.0018319
                 243,            0.012924,           0.0092958,                   0,              0.9236,              0.8748,              0.9247,               0.719,            0.022105,            0.013649,                   0,           0.0018048,           0.0018048,           0.0018048
                 244,            0.013171,           0.0078051,                   0,              0.9013,             0.90117,              0.9302,             0.72171,            0.022193,            0.013655,                   0,           0.0017781,           0.0017781,           0.0017781
                 245,            0.012936,           0.0081351,                   0,             0.93571,             0.86183,             0.92692,             0.72391,            0.022049,            0.013796,                   0,           0.0017519,           0.0017519,           0.0017519
                 246,            0.013105,           0.0076402,                   0,             0.92413,             0.88144,             0.92929,             0.72411,            0.021987,              0.0137,                   0,            0.001726,            0.001726,            0.001726
                 247,            0.013201,           0.0084631,                   0,             0.92974,               0.875,             0.92812,             0.72732,            0.022184,            0.013691,                   0,           0.0017005,           0.0017005,           0.0017005
                 248,            0.012984,           0.0085368,                   0,             0.91155,             0.88143,             0.92061,             0.72453,            0.021971,            0.013503,                   0,           0.0016755,           0.0016755,           0.0016755
                 249,            0.012757,           0.0084986,                   0,             0.92396,             0.88158,             0.92269,             0.71842,             0.02153,            0.012927,                   0,           0.0016509,           0.0016509,           0.0016509
